id,firstname,lastname,email,age
100,Damaris,Khorma,Damaris.Khorma@yopmail.com,61
101,Renie,Hull,Renie.Hull@yopmail.com,48
102,Louella,Gower,Louella.Gower@yopmail.com,34
103,Riannon,Creamer,Riannon.Creamer@yopmail.com,13
104,Valera,Ball,Valera.Ball@yopmail.com,67
105,Marita,Weitman,Marita.Weitman@yopmail.com,37
106,Devina,Marcellus,Devina.Marcellus@yopmail.com,13
107,Demetris,Socha,Demetris.Socha@yopmail.com,29
108,Nikki,Burch,Nikki.Burch@yopmail.com,7
109,Vonny,Cloris,Vonny.Cloris@yopmail.com,74
110,Atlanta,Hermes,Atlanta.Hermes@yopmail.com,31
111,Lynnea,Knowling,Lynnea.Knowling@yopmail.com,40
112,Leanna,Eugenia,Leanna.Eugenia@yopmail.com,29
113,Ericka,Seligman,Ericka.Seligman@yopmail.com,53
114,Daphne,Irmine,Daphne.Irmine@yopmail.com,11
115,Audrie,Joni,Audrie.Joni@yopmail.com,19
116,Janeczka,Sharl,Janeczka.Sharl@yopmail.com,26
117,Sharai,Marlie,Sharai.Marlie@yopmail.com,64
118,Amelia,Paine,Amelia.Paine@yopmail.com,17
119,Sallie,Havens,Sallie.Havens@yopmail.com,47
120,Selma,Orpah,Selma.Orpah@yopmail.com,50
121,Wynne,Dituri,Wynne.Dituri@yopmail.com,66
122,Giustina,Sasnett,Giustina.Sasnett@yopmail.com,71
123,Tersina,Couture,Tersina.Couture@yopmail.com,67
124,Binny,Eno,Binny.Eno@yopmail.com,47
125,Dorthy,Alexandr,Dorthy.Alexandr@yopmail.com,15
126,Harmonia,Kalinda,Harmonia.Kalinda@yopmail.com,15
127,Margalo,Kiersten,Margalo.Kiersten@yopmail.com,25
128,Jsandye,Quinn,Jsandye.Quinn@yopmail.com,51
129,Carlie,Screens,Carlie.Screens@yopmail.com,27
130,Fidelia,Bettine,Fidelia.Bettine@yopmail.com,67
131,Gerrie,Strephon,Gerrie.Strephon@yopmail.com,44
132,Tori,Melony,Tori.Melony@yopmail.com,66
133,Tilly,Heidt,Tilly.Heidt@yopmail.com,51
134,Sindee,Halsey,Sindee.Halsey@yopmail.com,31
135,Nessie,Minetta,Nessie.Minetta@yopmail.com,51
136,Mariann,Alice,Mariann.Alice@yopmail.com,50
137,Sue,Malanie,Sue.Malanie@yopmail.com,7
138,Aurore,Nicoline,Aurore.Nicoline@yopmail.com,31
139,Libbie,Nicoline,Libbie.Nicoline@yopmail.com,21
140,Tarra,Gordon,Tarra.Gordon@yopmail.com,26
141,Lolita,Sekofski,Lolita.Sekofski@yopmail.com,56
142,Myrtice,Riva,Myrtice.Riva@yopmail.com,6
143,Shaylyn,Sheng,Shaylyn.Sheng@yopmail.com,23
144,Heida,Berne,Heida.Berne@yopmail.com,47
145,Gisela,Honoria,Gisela.Honoria@yopmail.com,52
146,Agathe,Kylander,Agathe.Kylander@yopmail.com,4
147,Vinita,Gabrielli,Vinita.Gabrielli@yopmail.com,26
148,Cordi,Wildermuth,Cordi.Wildermuth@yopmail.com,21
149,Lanae,Persse,Lanae.Persse@yopmail.com,25
150,Rani,Screens,Rani.Screens@yopmail.com,62
151,Debee,Florina,Debee.Florina@yopmail.com,45
152,Mahalia,Olin,Mahalia.Olin@yopmail.com,62
153,Charlena,Kimmie,Charlena.Kimmie@yopmail.com,74
154,Susette,Taam,Susette.Taam@yopmail.com,69
155,Willetta,Baudin,Willetta.Baudin@yopmail.com,28
156,Alejandra,Merriott,Alejandra.Merriott@yopmail.com,14
157,Bobbi,Ephrem,Bobbi.Ephrem@yopmail.com,54
158,Starla,Raimondo,Starla.Raimondo@yopmail.com,17
159,Sissy,Reneta,Sissy.Reneta@yopmail.com,25
160,Nikki,Edmund,Nikki.Edmund@yopmail.com,26
161,Jan,Drisko,Jan.Drisko@yopmail.com,7
162,Heida,Even,Heida.Even@yopmail.com,2
163,Chandra,Gregrory,Chandra.Gregrory@yopmail.com,5
164,Monika,Knowling,Monika.Knowling@yopmail.com,1
165,Beth,Shaddock,Beth.Shaddock@yopmail.com,16
166,Gwyneth,Camden,Gwyneth.Camden@yopmail.com,50
167,Ebonee,Carri,Ebonee.Carri@yopmail.com,1
168,Shirlee,Concha,Shirlee.Concha@yopmail.com,46
169,Frieda,Irmine,Frieda.Irmine@yopmail.com,29
170,Thalia,Skell,Thalia.Skell@yopmail.com,25
171,Rebeca,Kelula,Rebeca.Kelula@yopmail.com,71
172,Annecorinne,Connelly,Annecorinne.Connelly@yopmail.com,4
173,Lorenza,Helve,Lorenza.Helve@yopmail.com,45
174,Sharai,Medrek,Sharai.Medrek@yopmail.com,20
175,Corina,Libna,Corina.Libna@yopmail.com,13
176,Iseabal,Drus,Iseabal.Drus@yopmail.com,30
177,Margalo,Jorgan,Margalo.Jorgan@yopmail.com,50
178,Augustine,Suanne,Augustine.Suanne@yopmail.com,27
179,Dorice,Tound,Dorice.Tound@yopmail.com,20
180,Gertrud,Meter,Gertrud.Meter@yopmail.com,9
181,Ekaterina,Gusella,Ekaterina.Gusella@yopmail.com,56
182,Krystle,Berriman,Krystle.Berriman@yopmail.com,66
183,Keelia,Alejoa,Keelia.Alejoa@yopmail.com,21
184,Celisse,Gilmour,Celisse.Gilmour@yopmail.com,75
185,Dennie,Glovsky,Dennie.Glovsky@yopmail.com,6
186,Robinia,Viddah,Robinia.Viddah@yopmail.com,15
187,Tori,Mandler,Tori.Mandler@yopmail.com,50
188,Ninnetta,Diogenes,Ninnetta.Diogenes@yopmail.com,35
189,Paule,Rheingold,Paule.Rheingold@yopmail.com,20
190,Leanna,Slifka,Leanna.Slifka@yopmail.com,52
191,Darlleen,Saree,Darlleen.Saree@yopmail.com,22
192,Amii,O'Neill,Amii.O'Neill@yopmail.com,29
193,Bernie,Linehan,Bernie.Linehan@yopmail.com,64
194,Gabi,Hieronymus,Gabi.Hieronymus@yopmail.com,71
195,Ulrike,Birdella,Ulrike.Birdella@yopmail.com,27
196,Deirdre,Fleeta,Deirdre.Fleeta@yopmail.com,18
197,Carlie,Toor,Carlie.Toor@yopmail.com,53
198,Mildrid,Loeb,Mildrid.Loeb@yopmail.com,46
199,Hermione,Kevon,Hermione.Kevon@yopmail.com,37
200,Berta,Elsinore,Berta.Elsinore@yopmail.com,34
201,Nickie,O'Carroll,Nickie.O'Carroll@yopmail.com,61
202,Queenie,Nunci,Queenie.Nunci@yopmail.com,68
203,Keelia,Israeli,Keelia.Israeli@yopmail.com,74
204,Melina,Klemperer,Melina.Klemperer@yopmail.com,25
205,Olivette,Ruvolo,Olivette.Ruvolo@yopmail.com,27
206,Devina,Alexandr,Devina.Alexandr@yopmail.com,31
207,Sallie,Auberbach,Sallie.Auberbach@yopmail.com,71
208,Sam,Haldas,Sam.Haldas@yopmail.com,49
209,Meriel,Ashok,Meriel.Ashok@yopmail.com,53
210,Melodie,Carvey,Melodie.Carvey@yopmail.com,50
211,Celisse,Kiyoshi,Celisse.Kiyoshi@yopmail.com,18
212,Nicoli,Lymann,Nicoli.Lymann@yopmail.com,44
213,Brietta,Waldron,Brietta.Waldron@yopmail.com,18
214,Brynna,Concha,Brynna.Concha@yopmail.com,9
215,Gale,Shirberg,Gale.Shirberg@yopmail.com,65
216,Myriam,Louanna,Myriam.Louanna@yopmail.com,58
217,Felice,Loeb,Felice.Loeb@yopmail.com,26
218,Blake,Callista,Blake.Callista@yopmail.com,50
219,Sharai,Seagraves,Sharai.Seagraves@yopmail.com,7
220,Emmey,Lasley,Emmey.Lasley@yopmail.com,35
221,Marsiella,Prober,Marsiella.Prober@yopmail.com,55
222,Rani,Sawtelle,Rani.Sawtelle@yopmail.com,48
223,Etta,Levey,Etta.Levey@yopmail.com,61
224,Darlleen,Silvan,Darlleen.Silvan@yopmail.com,64
225,Binny,Forrer,Binny.Forrer@yopmail.com,4
226,Dyann,Stefa,Dyann.Stefa@yopmail.com,6
227,Cherrita,Helve,Cherrita.Helve@yopmail.com,24
228,Marinna,Orlene,Marinna.Orlene@yopmail.com,6
229,Vevay,Seagraves,Vevay.Seagraves@yopmail.com,40
230,Alex,Erb,Alex.Erb@yopmail.com,48
231,Ottilie,Gale,Ottilie.Gale@yopmail.com,46
232,Deirdre,Esmaria,Deirdre.Esmaria@yopmail.com,19
233,Evita,Gusella,Evita.Gusella@yopmail.com,33
234,Shannah,Horan,Shannah.Horan@yopmail.com,24
235,Courtnay,Cimbura,Courtnay.Cimbura@yopmail.com,15
236,Myrtice,Winnick,Myrtice.Winnick@yopmail.com,20
237,Elsie,Anton,Elsie.Anton@yopmail.com,24
238,Elvira,Gerge,Elvira.Gerge@yopmail.com,41
239,Aurelie,Bethany,Aurelie.Bethany@yopmail.com,15
240,Bettine,Wilkinson,Bettine.Wilkinson@yopmail.com,65
241,Ruthe,Ciapas,Ruthe.Ciapas@yopmail.com,58
242,Cyndie,Leopold,Cyndie.Leopold@yopmail.com,60
243,Vonny,Wesle,Vonny.Wesle@yopmail.com,63
244,Lindie,Fancie,Lindie.Fancie@yopmail.com,41
245,Janenna,Stefa,Janenna.Stefa@yopmail.com,36
246,Karly,Brieta,Karly.Brieta@yopmail.com,52
247,Alleen,Haymes,Alleen.Haymes@yopmail.com,73
248,Glenda,Gunn,Glenda.Gunn@yopmail.com,74
249,Sashenka,Oscar,Sashenka.Oscar@yopmail.com,11
250,Laurene,Rurik,Laurene.Rurik@yopmail.com,25
251,Leona,Matthew,Leona.Matthew@yopmail.com,6
252,Jennica,Peti,Jennica.Peti@yopmail.com,70
253,Aaren,Thar,Aaren.Thar@yopmail.com,10
254,Desirae,Bahr,Desirae.Bahr@yopmail.com,20
255,Briney,Edmund,Briney.Edmund@yopmail.com,27
256,Dawn,Genna,Dawn.Genna@yopmail.com,58
257,Latisha,Thomasina,Latisha.Thomasina@yopmail.com,5
258,Aryn,Simmonds,Aryn.Simmonds@yopmail.com,30
259,Keelia,Fennessy,Keelia.Fennessy@yopmail.com,45
260,Nelle,Chabot,Nelle.Chabot@yopmail.com,12
261,Siana,Olnee,Siana.Olnee@yopmail.com,55
262,Magdalena,Felecia,Magdalena.Felecia@yopmail.com,11
263,Phylis,Penelopa,Phylis.Penelopa@yopmail.com,60
264,Steffane,Anselmi,Steffane.Anselmi@yopmail.com,65
265,Susan,Breed,Susan.Breed@yopmail.com,52
266,Leia,Masao,Leia.Masao@yopmail.com,48
267,Kristan,Angelis,Kristan.Angelis@yopmail.com,40
268,Hettie,Nickola,Hettie.Nickola@yopmail.com,59
269,Melina,Engdahl,Melina.Engdahl@yopmail.com,36
270,Trudie,Docilla,Trudie.Docilla@yopmail.com,30
271,Kathy,Richers,Kathy.Richers@yopmail.com,13
272,Anica,Schenck,Anica.Schenck@yopmail.com,59
273,Clarice,Magdalen,Clarice.Magdalen@yopmail.com,36
274,Cherrita,Dimitris,Cherrita.Dimitris@yopmail.com,40
275,Monika,Pauly,Monika.Pauly@yopmail.com,74
276,Barbara,Judye,Barbara.Judye@yopmail.com,14
277,Lucy,Bertold,Lucy.Bertold@yopmail.com,40
278,Genovera,Rad,Genovera.Rad@yopmail.com,30
279,Shell,Wolfgram,Shell.Wolfgram@yopmail.com,41
280,Clarice,Pearse,Clarice.Pearse@yopmail.com,10
281,Nerta,Fitzsimmons,Nerta.Fitzsimmons@yopmail.com,1
282,Minne,Gale,Minne.Gale@yopmail.com,55
283,Doro,Susannah,Doro.Susannah@yopmail.com,75
284,Alameda,Urania,Alameda.Urania@yopmail.com,60
285,Louella,Arathorn,Louella.Arathorn@yopmail.com,48
286,Wilma,Meli,Wilma.Meli@yopmail.com,57
287,Lila,Tice,Lila.Tice@yopmail.com,71
288,Regina,Sinegold,Regina.Sinegold@yopmail.com,21
289,Carly,Rad,Carly.Rad@yopmail.com,12
290,Bill,Adalbert,Bill.Adalbert@yopmail.com,61
291,Ernesta,Dom,Ernesta.Dom@yopmail.com,4
292,Myriam,Sisile,Myriam.Sisile@yopmail.com,60
293,Lorie,Blisse,Lorie.Blisse@yopmail.com,12
294,Shannah,Stilwell,Shannah.Stilwell@yopmail.com,53
295,Kristan,Justinn,Kristan.Justinn@yopmail.com,59
296,Adelle,Lorain,Adelle.Lorain@yopmail.com,20
297,Rhea,Belanger,Rhea.Belanger@yopmail.com,65
298,Arlina,Cavan,Arlina.Cavan@yopmail.com,12
299,Fernande,Ivens,Fernande.Ivens@yopmail.com,72
300,Tami,Graig,Tami.Graig@yopmail.com,2
301,Jan,Iaverne,Jan.Iaverne@yopmail.com,20
302,Dania,Ludewig,Dania.Ludewig@yopmail.com,12
303,Helsa,Bobbee,Helsa.Bobbee@yopmail.com,7
304,Lorne,Tjon,Lorne.Tjon@yopmail.com,5
305,Ardeen,Goerke,Ardeen.Goerke@yopmail.com,72
306,Nadine,Beniamino,Nadine.Beniamino@yopmail.com,45
307,Natka,Tayib,Natka.Tayib@yopmail.com,56
308,Calla,Cohdwell,Calla.Cohdwell@yopmail.com,34
309,Robinia,Melan,Robinia.Melan@yopmail.com,28
310,Willetta,Dosia,Willetta.Dosia@yopmail.com,16
311,Romona,Georgy,Romona.Georgy@yopmail.com,30
312,Catrina,Bates,Catrina.Bates@yopmail.com,26
313,Aurore,Ashely,Aurore.Ashely@yopmail.com,34
314,Mariele,Tacye,Mariele.Tacye@yopmail.com,45
315,Lucy,Bergman,Lucy.Bergman@yopmail.com,12
316,Dianemarie,Tippets,Dianemarie.Tippets@yopmail.com,46
317,Tybie,Roxanna,Tybie.Roxanna@yopmail.com,18
318,Shaylyn,Lail,Shaylyn.Lail@yopmail.com,55
319,Merle,Raseda,Merle.Raseda@yopmail.com,31
320,Dolli,Maiah,Dolli.Maiah@yopmail.com,45
321,Hollie,Lowry,Hollie.Lowry@yopmail.com,37
322,Christal,Amethist,Christal.Amethist@yopmail.com,56
323,Gui,Sheng,Gui.Sheng@yopmail.com,19
324,Nickie,Palocz,Nickie.Palocz@yopmail.com,41
325,Vanessa,Arley,Vanessa.Arley@yopmail.com,17
326,Mureil,Chauncey,Mureil.Chauncey@yopmail.com,15
327,Kore,Reidar,Kore.Reidar@yopmail.com,44
328,Priscilla,Bergman,Priscilla.Bergman@yopmail.com,4
329,Gretal,Devlen,Gretal.Devlen@yopmail.com,22
330,Emma,Gaynor,Emma.Gaynor@yopmail.com,7
331,Karina,Raama,Karina.Raama@yopmail.com,16
332,Charmaine,Noam,Charmaine.Noam@yopmail.com,21
333,Ottilie,Dex,Ottilie.Dex@yopmail.com,48
334,Pamella,Prober,Pamella.Prober@yopmail.com,45
335,Nita,Sacken,Nita.Sacken@yopmail.com,22
336,Kalina,Adalbert,Kalina.Adalbert@yopmail.com,17
337,Monika,Aida,Monika.Aida@yopmail.com,44
338,Leontine,Yate,Leontine.Yate@yopmail.com,43
339,Beth,Hutchison,Beth.Hutchison@yopmail.com,65
340,Beth,Gower,Beth.Gower@yopmail.com,41
341,Gwyneth,Pulsifer,Gwyneth.Pulsifer@yopmail.com,68
342,Joeann,Drisko,Joeann.Drisko@yopmail.com,41
343,Arlina,Narton,Arlina.Narton@yopmail.com,71
344,Luci,Koziara,Luci.Koziara@yopmail.com,60
345,Ermengarde,Sheedy,Ermengarde.Sheedy@yopmail.com,54
346,Leontine,Craggie,Leontine.Craggie@yopmail.com,40
347,Stacey,Camden,Stacey.Camden@yopmail.com,1
348,Cathyleen,Teddman,Cathyleen.Teddman@yopmail.com,33
349,Tami,Carmena,Tami.Carmena@yopmail.com,69
350,Cathie,Philipp,Cathie.Philipp@yopmail.com,46
351,Lindie,Creamer,Lindie.Creamer@yopmail.com,16
352,Wendi,Louanna,Wendi.Louanna@yopmail.com,41
353,Glynnis,Kannry,Glynnis.Kannry@yopmail.com,72
354,Valli,Ruvolo,Valli.Ruvolo@yopmail.com,33
355,Annora,Corabella,Annora.Corabella@yopmail.com,51
356,Barbara,Emmy,Barbara.Emmy@yopmail.com,65
357,Mary,Ogren,Mary.Ogren@yopmail.com,68
358,Roslyn,Ambrosia,Roslyn.Ambrosia@yopmail.com,75
359,Dode,Trinetta,Dode.Trinetta@yopmail.com,69
360,Candy,Carbo,Candy.Carbo@yopmail.com,58
361,Mignon,Herrera,Mignon.Herrera@yopmail.com,8
362,Konstance,Mehalek,Konstance.Mehalek@yopmail.com,22
363,Siana,Cynar,Siana.Cynar@yopmail.com,54
364,Tressa,Kenwood,Tressa.Kenwood@yopmail.com,46
365,Leontine,Aurelio,Leontine.Aurelio@yopmail.com,60
366,Tamqrah,Lucienne,Tamqrah.Lucienne@yopmail.com,46
367,Joceline,Dash,Joceline.Dash@yopmail.com,2
368,Brana,Montgomery,Brana.Montgomery@yopmail.com,30
369,Sara-Ann,Hertzfeld,Sara-Ann.Hertzfeld@yopmail.com,61
370,Leontine,Greyson,Leontine.Greyson@yopmail.com,66
371,Yvonne,Reidar,Yvonne.Reidar@yopmail.com,52
372,Evaleen,Longfellow,Evaleen.Longfellow@yopmail.com,47
373,Fanny,Ietta,Fanny.Ietta@yopmail.com,59
374,Almeta,Krystle,Almeta.Krystle@yopmail.com,45
375,Juliane,Zenas,Juliane.Zenas@yopmail.com,37
376,Fayre,Felecia,Fayre.Felecia@yopmail.com,14
377,Joceline,Thornburg,Joceline.Thornburg@yopmail.com,62
378,Aryn,Kamaria,Aryn.Kamaria@yopmail.com,24
379,Mady,Adrienne,Mady.Adrienne@yopmail.com,10
380,Genovera,Revkah,Genovera.Revkah@yopmail.com,13
381,Willetta,Orpah,Willetta.Orpah@yopmail.com,54
382,Lolita,Laverne,Lolita.Laverne@yopmail.com,12
383,Nanete,Boehike,Nanete.Boehike@yopmail.com,42
384,Agnese,Ade,Agnese.Ade@yopmail.com,72
385,Marcy,Fitzsimmons,Marcy.Fitzsimmons@yopmail.com,60
386,Gloria,Thad,Gloria.Thad@yopmail.com,41
387,Letizia,Verger,Letizia.Verger@yopmail.com,12
388,Marguerite,Quent,Marguerite.Quent@yopmail.com,21
389,Magdalena,Ursulette,Magdalena.Ursulette@yopmail.com,19
390,Aryn,Shirberg,Aryn.Shirberg@yopmail.com,37
391,Babita,Phyllis,Babita.Phyllis@yopmail.com,38
392,Ellette,Astra,Ellette.Astra@yopmail.com,22
393,Amara,Nunci,Amara.Nunci@yopmail.com,56
394,Elka,Diann,Elka.Diann@yopmail.com,66
395,Judy,Pip,Judy.Pip@yopmail.com,48
396,Liana,Ashok,Liana.Ashok@yopmail.com,75
397,Kamilah,Ax,Kamilah.Ax@yopmail.com,75
398,Mignon,Deegan,Mignon.Deegan@yopmail.com,31
399,Hope,Lymann,Hope.Lymann@yopmail.com,70
400,Averyl,Jalbert,Averyl.Jalbert@yopmail.com,65
401,Jordan,Read,Jordan.Read@yopmail.com,75
402,Raina,Bandeen,Raina.Bandeen@yopmail.com,15
403,Brietta,Fitzsimmons,Brietta.Fitzsimmons@yopmail.com,35
404,Monika,Mitzi,Monika.Mitzi@yopmail.com,38
405,Rosabelle,Laverne,Rosabelle.Laverne@yopmail.com,41
406,Clarice,Therine,Clarice.Therine@yopmail.com,23
407,Briney,Ovid,Briney.Ovid@yopmail.com,56
408,Riannon,Rodmann,Riannon.Rodmann@yopmail.com,32
409,Yvonne,Brodench,Yvonne.Brodench@yopmail.com,54
410,Drucie,Bendick,Drucie.Bendick@yopmail.com,55
411,Esmeralda,Gahl,Esmeralda.Gahl@yopmail.com,70
412,Lila,Sheng,Lila.Sheng@yopmail.com,74
413,Ruthe,Diogenes,Ruthe.Diogenes@yopmail.com,36
414,Gusty,Pitt,Gusty.Pitt@yopmail.com,45
415,Abbie,Codding,Abbie.Codding@yopmail.com,34
416,Ronna,Catie,Ronna.Catie@yopmail.com,74
417,Sharlene,Ferrell,Sharlene.Ferrell@yopmail.com,36
418,Cordi,Pascia,Cordi.Pascia@yopmail.com,8
419,Corly,Ellord,Corly.Ellord@yopmail.com,60
420,Ottilie,Rolf,Ottilie.Rolf@yopmail.com,25
421,Tonia,Pearse,Tonia.Pearse@yopmail.com,66
422,Mara,Sundin,Mara.Sundin@yopmail.com,66
423,Elka,Hewitt,Elka.Hewitt@yopmail.com,22
424,Lonnie,Forrer,Lonnie.Forrer@yopmail.com,41
425,Jere,Reneta,Jere.Reneta@yopmail.com,6
426,Mariele,Harriman,Mariele.Harriman@yopmail.com,5
427,Georgina,Vivle,Georgina.Vivle@yopmail.com,10
428,Zondra,Kauppi,Zondra.Kauppi@yopmail.com,11
429,Sam,Kussell,Sam.Kussell@yopmail.com,5
430,Alexine,Laverne,Alexine.Laverne@yopmail.com,49
431,Kaja,Tice,Kaja.Tice@yopmail.com,19
432,Chrystel,Shirberg,Chrystel.Shirberg@yopmail.com,73
433,Rhoda,Ogren,Rhoda.Ogren@yopmail.com,9
434,Myrtice,Cressida,Myrtice.Cressida@yopmail.com,74
435,Mathilda,Fadiman,Mathilda.Fadiman@yopmail.com,66
436,Mara,Richers,Mara.Richers@yopmail.com,44
437,Ayn,Genna,Ayn.Genna@yopmail.com,57
438,Grier,Taam,Grier.Taam@yopmail.com,2
439,Althea,Carmena,Althea.Carmena@yopmail.com,64
440,Estell,Hollingsworth,Estell.Hollingsworth@yopmail.com,6
441,Eugine,Charmine,Eugine.Charmine@yopmail.com,55
442,Heddie,Leffen,Heddie.Leffen@yopmail.com,62
443,Kristan,Terencio,Kristan.Terencio@yopmail.com,60
444,Augustine,Eckblad,Augustine.Eckblad@yopmail.com,16
445,Stevana,Grosz,Stevana.Grosz@yopmail.com,64
446,Andeee,Concha,Andeee.Concha@yopmail.com,66
447,Jemie,Toffic,Jemie.Toffic@yopmail.com,13
448,Stacey,Hylan,Stacey.Hylan@yopmail.com,57
449,Jere,Knowling,Jere.Knowling@yopmail.com,14
450,Tani,Aloise,Tani.Aloise@yopmail.com,46
451,Doralynne,Orlene,Doralynne.Orlene@yopmail.com,75
452,Oralee,Colbert,Oralee.Colbert@yopmail.com,51
453,Viki,Gaal,Viki.Gaal@yopmail.com,66
454,Tressa,Dichy,Tressa.Dichy@yopmail.com,2
455,Merrie,Dex,Merrie.Dex@yopmail.com,52
456,Imojean,Braun,Imojean.Braun@yopmail.com,43
457,Ebonee,Zenas,Ebonee.Zenas@yopmail.com,18
458,Michaelina,Buckler,Michaelina.Buckler@yopmail.com,35
459,Randa,Dimitris,Randa.Dimitris@yopmail.com,2
460,Addia,Rheingold,Addia.Rheingold@yopmail.com,61
461,Larine,Fennessy,Larine.Fennessy@yopmail.com,18
462,Gerrie,Salchunas,Gerrie.Salchunas@yopmail.com,74
463,Lindie,Ambrosia,Lindie.Ambrosia@yopmail.com,6
464,Vere,Shanley,Vere.Shanley@yopmail.com,18
465,Sara-Ann,Sasnett,Sara-Ann.Sasnett@yopmail.com,40
466,Evita,Ardra,Evita.Ardra@yopmail.com,64
467,Wynne,Jorgan,Wynne.Jorgan@yopmail.com,3
468,Rosaline,Raimondo,Rosaline.Raimondo@yopmail.com,65
469,Jennica,Gwenore,Jennica.Gwenore@yopmail.com,39
470,Belva,Niccolo,Belva.Niccolo@yopmail.com,4
471,Calla,Stefa,Calla.Stefa@yopmail.com,23
472,Annaliese,Abbot,Annaliese.Abbot@yopmail.com,15
473,Melodie,Rillings,Melodie.Rillings@yopmail.com,66
474,Blinni,Alcott,Blinni.Alcott@yopmail.com,12
475,Cathie,Zitvaa,Cathie.Zitvaa@yopmail.com,32
476,Leona,Helfand,Leona.Helfand@yopmail.com,70
477,Rubie,Gaspard,Rubie.Gaspard@yopmail.com,43
478,Carly,Yerkovich,Carly.Yerkovich@yopmail.com,29
479,Bernardine,Thilda,Bernardine.Thilda@yopmail.com,70
480,Kayla,Cavan,Kayla.Cavan@yopmail.com,15
481,Kassey,Velick,Kassey.Velick@yopmail.com,21
482,Carlie,Franza,Carlie.Franza@yopmail.com,2
483,Amalie,Genna,Amalie.Genna@yopmail.com,17
484,Cathyleen,Tamar,Cathyleen.Tamar@yopmail.com,22
485,Ninnetta,Newell,Ninnetta.Newell@yopmail.com,3
486,Arlena,Burch,Arlena.Burch@yopmail.com,63
487,Edee,Telfer,Edee.Telfer@yopmail.com,60
488,Ekaterina,Elbertina,Ekaterina.Elbertina@yopmail.com,70
489,Peri,Means,Peri.Means@yopmail.com,74
490,Wilma,Iiette,Wilma.Iiette@yopmail.com,33
491,Lexine,Naor,Lexine.Naor@yopmail.com,2
492,Nickie,Odysseus,Nickie.Odysseus@yopmail.com,12
493,Jennica,Louanna,Jennica.Louanna@yopmail.com,5
494,Odessa,Alejoa,Odessa.Alejoa@yopmail.com,54
495,Tabbatha,Tatianas,Tabbatha.Tatianas@yopmail.com,37
496,Gwenneth,Belldas,Gwenneth.Belldas@yopmail.com,8
497,Karolina,Etom,Karolina.Etom@yopmail.com,8
498,Libbie,Orlene,Libbie.Orlene@yopmail.com,30
499,Miquela,Ammann,Miquela.Ammann@yopmail.com,14
500,Zaria,Klemperer,Zaria.Klemperer@yopmail.com,24
501,Marika,Katrine,Marika.Katrine@yopmail.com,27
502,Brynna,Gladstone,Brynna.Gladstone@yopmail.com,61
503,Jessamyn,Atonsah,Jessamyn.Atonsah@yopmail.com,30
504,Morganica,Elisha,Morganica.Elisha@yopmail.com,18
505,Lorne,Secrest,Lorne.Secrest@yopmail.com,39
506,Fayre,Dalli,Fayre.Dalli@yopmail.com,61
507,Kimmy,McNully,Kimmy.McNully@yopmail.com,22
508,Debee,Primalia,Debee.Primalia@yopmail.com,30
509,Fina,Morehouse,Fina.Morehouse@yopmail.com,6
510,Britni,Shirberg,Britni.Shirberg@yopmail.com,45
511,Pamella,Isidore,Pamella.Isidore@yopmail.com,12
512,Sheree,Brieta,Sheree.Brieta@yopmail.com,69
513,Ulrike,Gaspard,Ulrike.Gaspard@yopmail.com,69
514,Tabbatha,Kaja,Tabbatha.Kaja@yopmail.com,56
515,Anallese,Guthrie,Anallese.Guthrie@yopmail.com,58
516,Taffy,Doig,Taffy.Doig@yopmail.com,74
517,Lisette,Nore,Lisette.Nore@yopmail.com,21
518,Imojean,Karl,Imojean.Karl@yopmail.com,32
519,Stacey,Pitt,Stacey.Pitt@yopmail.com,41
520,Kayla,Dreda,Kayla.Dreda@yopmail.com,32
521,Kellen,Corabella,Kellen.Corabella@yopmail.com,13
522,Edith,Whittaker,Edith.Whittaker@yopmail.com,25
523,Eadie,Evvie,Eadie.Evvie@yopmail.com,3
524,Ardenia,Kendrick,Ardenia.Kendrick@yopmail.com,7
525,Regina,Ferrell,Regina.Ferrell@yopmail.com,25
526,Viki,Muriel,Viki.Muriel@yopmail.com,72
527,Carolina,Claudine,Carolina.Claudine@yopmail.com,3
528,Olwen,Howlyn,Olwen.Howlyn@yopmail.com,53
529,Tera,Suanne,Tera.Suanne@yopmail.com,7
530,Evaleen,Konyn,Evaleen.Konyn@yopmail.com,17
531,Misha,Narton,Misha.Narton@yopmail.com,22
532,Sue,Glenden,Sue.Glenden@yopmail.com,3
533,Shauna,Han,Shauna.Han@yopmail.com,19
534,Shauna,Barbey,Shauna.Barbey@yopmail.com,23
535,Tani,Sprage,Tani.Sprage@yopmail.com,23
536,Vinita,Cristi,Vinita.Cristi@yopmail.com,34
537,Mara,Si,Mara.Si@yopmail.com,34
538,Stephanie,Tjon,Stephanie.Tjon@yopmail.com,35
539,Aeriela,Sophronia,Aeriela.Sophronia@yopmail.com,59
540,Keelia,Ax,Keelia.Ax@yopmail.com,30
541,Tomasina,Annabella,Tomasina.Annabella@yopmail.com,28
542,Gerianna,Fillbert,Gerianna.Fillbert@yopmail.com,42
543,Fawne,Gaynor,Fawne.Gaynor@yopmail.com,13
544,Marguerite,Anestassia,Marguerite.Anestassia@yopmail.com,42
545,Anestassia,Newell,Anestassia.Newell@yopmail.com,37
546,Jacquetta,Creamer,Jacquetta.Creamer@yopmail.com,1
547,Bertine,Urias,Bertine.Urias@yopmail.com,11
548,Brandise,Mata,Brandise.Mata@yopmail.com,37
549,Tracey,Kinnard,Tracey.Kinnard@yopmail.com,59
550,Desirae,Warthman,Desirae.Warthman@yopmail.com,30
551,Reeba,Margarete,Reeba.Margarete@yopmail.com,10
552,Carolina,Pulsifer,Carolina.Pulsifer@yopmail.com,54
553,Pearline,Keily,Pearline.Keily@yopmail.com,49
554,Pollyanna,Ferrell,Pollyanna.Ferrell@yopmail.com,65
555,Ana,Hanshaw,Ana.Hanshaw@yopmail.com,20
556,Rosabelle,Suanne,Rosabelle.Suanne@yopmail.com,71
557,Rebeca,Elvyn,Rebeca.Elvyn@yopmail.com,57
558,Emma,Carey,Emma.Carey@yopmail.com,72
559,Kial,Brotherson,Kial.Brotherson@yopmail.com,23
560,Darlleen,Seligman,Darlleen.Seligman@yopmail.com,29
561,Nadine,Carleen,Nadine.Carleen@yopmail.com,35
562,Mireielle,Serilda,Mireielle.Serilda@yopmail.com,69
563,Edee,Uird,Edee.Uird@yopmail.com,38
564,Kassey,Sadowski,Kassey.Sadowski@yopmail.com,6
565,Roseline,Ellord,Roseline.Ellord@yopmail.com,72
566,Codie,Simmonds,Codie.Simmonds@yopmail.com,37
567,Lynnea,Land,Lynnea.Land@yopmail.com,39
568,Tierney,Kronfeld,Tierney.Kronfeld@yopmail.com,10
569,Adore,Vins,Adore.Vins@yopmail.com,3
570,Joleen,Read,Joleen.Read@yopmail.com,50
571,Sharlene,Ambrosia,Sharlene.Ambrosia@yopmail.com,36
572,Ellette,Argus,Ellette.Argus@yopmail.com,8
573,Janeczka,Hazlett,Janeczka.Hazlett@yopmail.com,64
574,Clo,Fiann,Clo.Fiann@yopmail.com,14
575,Aryn,Nadia,Aryn.Nadia@yopmail.com,72
576,Aaren,Lasley,Aaren.Lasley@yopmail.com,32
577,Gwenneth,Durware,Gwenneth.Durware@yopmail.com,62
578,Edyth,Santoro,Edyth.Santoro@yopmail.com,63
579,Jenda,Toffic,Jenda.Toffic@yopmail.com,35
580,Tori,Soneson,Tori.Soneson@yopmail.com,23
581,Aeriela,Wilona,Aeriela.Wilona@yopmail.com,46
582,Mireielle,Daveta,Mireielle.Daveta@yopmail.com,61
583,Elfreda,Roarke,Elfreda.Roarke@yopmail.com,62
584,Konstance,Eno,Konstance.Eno@yopmail.com,51
585,Rosanne,Mallon,Rosanne.Mallon@yopmail.com,8
586,Gratia,Niles,Gratia.Niles@yopmail.com,43
587,Genovera,Bari,Genovera.Bari@yopmail.com,59
588,Meghann,Radu,Meghann.Radu@yopmail.com,64
589,Fanny,Zachary,Fanny.Zachary@yopmail.com,69
590,Glenda,Zachary,Glenda.Zachary@yopmail.com,33
591,Tabbatha,Genna,Tabbatha.Genna@yopmail.com,43
592,Moyna,Maryanne,Moyna.Maryanne@yopmail.com,21
593,Selia,Dorothy,Selia.Dorothy@yopmail.com,7
594,Frank,Lorenz,Frank.Lorenz@yopmail.com,62
595,Jackie,Anyah,Jackie.Anyah@yopmail.com,25
596,Frank,Gaal,Frank.Gaal@yopmail.com,55
597,Marti,Dominy,Marti.Dominy@yopmail.com,50
598,Ofilia,Tacye,Ofilia.Tacye@yopmail.com,59
599,Meg,Zina,Meg.Zina@yopmail.com,5
600,Romona,Chaing,Romona.Chaing@yopmail.com,34
601,Lexine,Chandler,Lexine.Chandler@yopmail.com,49
602,Marita,Palocz,Marita.Palocz@yopmail.com,33
603,Felice,Neils,Felice.Neils@yopmail.com,2
604,Latisha,Suzetta,Latisha.Suzetta@yopmail.com,40
605,Imojean,Izaak,Imojean.Izaak@yopmail.com,40
606,Shaine,Dulciana,Shaine.Dulciana@yopmail.com,66
607,Sandie,Abram,Sandie.Abram@yopmail.com,44
608,Allis,Hewitt,Allis.Hewitt@yopmail.com,6
609,Brianna,Nore,Brianna.Nore@yopmail.com,19
610,Annecorinne,Beebe,Annecorinne.Beebe@yopmail.com,35
611,Dorthy,Travax,Dorthy.Travax@yopmail.com,7
612,Justinn,Deegan,Justinn.Deegan@yopmail.com,7
613,Phylis,Cosenza,Phylis.Cosenza@yopmail.com,12
614,Fawne,Esmaria,Fawne.Esmaria@yopmail.com,12
615,Brandise,Sallyann,Brandise.Sallyann@yopmail.com,53
616,Arlina,Erlandson,Arlina.Erlandson@yopmail.com,29
617,Max,Tryck,Max.Tryck@yopmail.com,44
618,Judy,Neils,Judy.Neils@yopmail.com,71
619,Arlina,Brittani,Arlina.Brittani@yopmail.com,41
620,Sarette,Strephon,Sarette.Strephon@yopmail.com,15
621,Fayre,Faria,Fayre.Faria@yopmail.com,26
622,Raina,Byrne,Raina.Byrne@yopmail.com,18
623,Genovera,Maryanne,Genovera.Maryanne@yopmail.com,5
624,Regina,Prober,Regina.Prober@yopmail.com,65
625,Roslyn,Rugen,Roslyn.Rugen@yopmail.com,39
626,Bibby,Joachim,Bibby.Joachim@yopmail.com,2
627,Regina,Zeeba,Regina.Zeeba@yopmail.com,27
628,Deane,Tristram,Deane.Tristram@yopmail.com,46
629,Edee,Karna,Edee.Karna@yopmail.com,38
630,Marti,Lanita,Marti.Lanita@yopmail.com,47
631,Charissa,Carmena,Charissa.Carmena@yopmail.com,28
632,Lucy,Presber,Lucy.Presber@yopmail.com,27
633,Renae,Agle,Renae.Agle@yopmail.com,42
634,Minda,Brian,Minda.Brian@yopmail.com,40
635,Rayna,O'Neill,Rayna.O'Neill@yopmail.com,69
636,Moyna,Pettiford,Moyna.Pettiford@yopmail.com,37
637,Cyndie,Birdella,Cyndie.Birdella@yopmail.com,30
638,Arabel,Vivle,Arabel.Vivle@yopmail.com,21
639,Sissy,Anyah,Sissy.Anyah@yopmail.com,57
640,Tabbatha,Schalles,Tabbatha.Schalles@yopmail.com,41
641,Harrietta,Helfand,Harrietta.Helfand@yopmail.com,66
642,Hollie,Pyle,Hollie.Pyle@yopmail.com,34
643,Joceline,Rubie,Joceline.Rubie@yopmail.com,37
644,Blake,Geffner,Blake.Geffner@yopmail.com,67
645,Asia,Raychel,Asia.Raychel@yopmail.com,17
646,Jessamyn,Darrell,Jessamyn.Darrell@yopmail.com,28
647,Heida,Corrine,Heida.Corrine@yopmail.com,69
648,Imojean,Kirbee,Imojean.Kirbee@yopmail.com,73
649,Moyna,Alrich,Moyna.Alrich@yopmail.com,71
650,Kial,Chesna,Kial.Chesna@yopmail.com,21
651,Annaliese,Lalitta,Annaliese.Lalitta@yopmail.com,5
652,Brietta,Pelagias,Brietta.Pelagias@yopmail.com,56
653,Linet,Weinreb,Linet.Weinreb@yopmail.com,14
654,Jemie,Jethro,Jemie.Jethro@yopmail.com,17
655,Jessy,Bonucci,Jessy.Bonucci@yopmail.com,55
656,Madeleine,Kylander,Madeleine.Kylander@yopmail.com,75
657,Sue,Cath,Sue.Cath@yopmail.com,37
658,Shel,Codding,Shel.Codding@yopmail.com,72
659,Ilse,Donell,Ilse.Donell@yopmail.com,45
660,Kimberley,Cristi,Kimberley.Cristi@yopmail.com,48
661,Rosene,Kaja,Rosene.Kaja@yopmail.com,55
662,Shell,Ulphia,Shell.Ulphia@yopmail.com,2
663,Beatriz,Dahlia,Beatriz.Dahlia@yopmail.com,62
664,Minda,Aurelio,Minda.Aurelio@yopmail.com,37
665,Letizia,Primalia,Letizia.Primalia@yopmail.com,16
666,Janenna,Shields,Janenna.Shields@yopmail.com,62
667,Lauryn,Gaal,Lauryn.Gaal@yopmail.com,45
668,Yvonne,Dulciana,Yvonne.Dulciana@yopmail.com,60
669,Delilah,Emanuel,Delilah.Emanuel@yopmail.com,65
670,Delilah,My,Delilah.My@yopmail.com,65
671,Lulita,Hull,Lulita.Hull@yopmail.com,68
672,Asia,Evvie,Asia.Evvie@yopmail.com,1
673,Roslyn,Ivens,Roslyn.Ivens@yopmail.com,8
674,Charissa,Elisha,Charissa.Elisha@yopmail.com,60
675,Cyb,Luhe,Cyb.Luhe@yopmail.com,68
676,Elbertina,Klemperer,Elbertina.Klemperer@yopmail.com,60
677,Ivett,Lia,Ivett.Lia@yopmail.com,58
678,Maridel,Lilybelle,Maridel.Lilybelle@yopmail.com,62
679,Rhea,Wu,Rhea.Wu@yopmail.com,31
680,Lisette,Maxi,Lisette.Maxi@yopmail.com,20
681,Wanda,Pandolfi,Wanda.Pandolfi@yopmail.com,21
682,Brandise,Turne,Brandise.Turne@yopmail.com,31
683,Quintina,Olin,Quintina.Olin@yopmail.com,71
684,Madelle,Narton,Madelle.Narton@yopmail.com,2
685,Yolane,Montgomery,Yolane.Montgomery@yopmail.com,74
686,Anestassia,Estella,Anestassia.Estella@yopmail.com,70
687,Atlanta,Willie,Atlanta.Willie@yopmail.com,49
688,Elbertina,Ariella,Elbertina.Ariella@yopmail.com,24
689,Felice,Cloris,Felice.Cloris@yopmail.com,61
690,Dale,Norvol,Dale.Norvol@yopmail.com,55
691,Sidoney,Earlie,Sidoney.Earlie@yopmail.com,12
692,Shandie,Briney,Shandie.Briney@yopmail.com,7
693,Cassandra,Seessel,Cassandra.Seessel@yopmail.com,29
694,Katleen,Christine,Katleen.Christine@yopmail.com,49
695,Bertine,Avi,Bertine.Avi@yopmail.com,28
696,Mignon,Flita,Mignon.Flita@yopmail.com,35
697,Paulita,Heisel,Paulita.Heisel@yopmail.com,52
698,Nessie,Mich,Nessie.Mich@yopmail.com,35
699,Dennie,Thad,Dennie.Thad@yopmail.com,63
700,Adore,Cadmar,Adore.Cadmar@yopmail.com,66
701,Tera,Horan,Tera.Horan@yopmail.com,47
702,Adele,Redmond,Adele.Redmond@yopmail.com,8
703,Lorenza,Nickola,Lorenza.Nickola@yopmail.com,25
704,Kaia,Tremayne,Kaia.Tremayne@yopmail.com,51
705,Katuscha,Fax,Katuscha.Fax@yopmail.com,33
706,Janis,Sinegold,Janis.Sinegold@yopmail.com,46
707,Marti,Timon,Marti.Timon@yopmail.com,11
708,Dacia,Chrystel,Dacia.Chrystel@yopmail.com,41
709,Rhoda,Hailee,Rhoda.Hailee@yopmail.com,51
710,Sean,Norvol,Sean.Norvol@yopmail.com,40
711,Jorry,Whiffen,Jorry.Whiffen@yopmail.com,60
712,Henriette,Bennie,Henriette.Bennie@yopmail.com,22
713,Chloris,Fadiman,Chloris.Fadiman@yopmail.com,56
714,Roberta,Pascia,Roberta.Pascia@yopmail.com,60
715,Marylou,Publia,Marylou.Publia@yopmail.com,69
716,Minne,Mayeda,Minne.Mayeda@yopmail.com,17
717,Dorthy,Idelia,Dorthy.Idelia@yopmail.com,37
718,Valli,Anderea,Valli.Anderea@yopmail.com,62
719,Tarra,Evvie,Tarra.Evvie@yopmail.com,36
720,Kial,Shelba,Kial.Shelba@yopmail.com,62
721,Aili,Dyche,Aili.Dyche@yopmail.com,1
722,Annice,Cutlerr,Annice.Cutlerr@yopmail.com,30
723,Dede,Nester,Dede.Nester@yopmail.com,10
724,Farrah,Arley,Farrah.Arley@yopmail.com,28
725,Lizzie,Haerr,Lizzie.Haerr@yopmail.com,15
726,Monika,Lissi,Monika.Lissi@yopmail.com,40
727,Ivett,Karl,Ivett.Karl@yopmail.com,24
728,Kimberley,Jess,Kimberley.Jess@yopmail.com,56
729,Krystle,Cutlerr,Krystle.Cutlerr@yopmail.com,59
730,Therine,Tacye,Therine.Tacye@yopmail.com,38
731,Annaliese,Lorain,Annaliese.Lorain@yopmail.com,17
732,Tybie,Albertine,Tybie.Albertine@yopmail.com,25
733,Hermione,Arne,Hermione.Arne@yopmail.com,7
734,Tonia,Bashemeth,Tonia.Bashemeth@yopmail.com,12
735,Margalo,O'Rourke,Margalo.O'Rourke@yopmail.com,52
736,Jenda,Hartnett,Jenda.Hartnett@yopmail.com,63
737,Deedee,Raul,Deedee.Raul@yopmail.com,1
738,Meghann,Heidt,Meghann.Heidt@yopmail.com,23
739,Jordan,Bakerman,Jordan.Bakerman@yopmail.com,26
740,Phedra,Tacye,Phedra.Tacye@yopmail.com,65
741,Jorry,Sadowski,Jorry.Sadowski@yopmail.com,23
742,Caressa,Alcott,Caressa.Alcott@yopmail.com,40
743,Tressa,Destinee,Tressa.Destinee@yopmail.com,30
744,Stevana,Dash,Stevana.Dash@yopmail.com,73
745,Atlanta,Charity,Atlanta.Charity@yopmail.com,48
746,Anestassia,Fairweather,Anestassia.Fairweather@yopmail.com,42
747,Trixi,Faria,Trixi.Faria@yopmail.com,46
748,Sam,Tyson,Sam.Tyson@yopmail.com,49
749,Dione,Rhu,Dione.Rhu@yopmail.com,40
750,Addia,Jalbert,Addia.Jalbert@yopmail.com,10
751,Deedee,Fleeta,Deedee.Fleeta@yopmail.com,4
752,Raf,Sherrie,Raf.Sherrie@yopmail.com,19
753,Nollie,Niles,Nollie.Niles@yopmail.com,42
754,Tiffie,Francyne,Tiffie.Francyne@yopmail.com,69
755,Hope,Prober,Hope.Prober@yopmail.com,11
756,Marita,Ventre,Marita.Ventre@yopmail.com,70
757,Talya,Minetta,Talya.Minetta@yopmail.com,31
758,Jorry,Edmund,Jorry.Edmund@yopmail.com,32
759,Zsa Zsa,Tayib,Zsa Zsa.Tayib@yopmail.com,52
760,Jackie,Trinetta,Jackie.Trinetta@yopmail.com,13
761,Barbi,Ethban,Barbi.Ethban@yopmail.com,33
762,Cindelyn,Karl,Cindelyn.Karl@yopmail.com,56
763,Gwyneth,Noman,Gwyneth.Noman@yopmail.com,25
764,Max,Nerita,Max.Nerita@yopmail.com,7
765,Krystle,Pacorro,Krystle.Pacorro@yopmail.com,2
766,Vita,Zuzana,Vita.Zuzana@yopmail.com,9
767,Claudina,Capello,Claudina.Capello@yopmail.com,52
768,Lorenza,Naashom,Lorenza.Naashom@yopmail.com,16
769,Zia,Hailee,Zia.Hailee@yopmail.com,55
770,Mady,Quent,Mady.Quent@yopmail.com,29
771,Annice,Dreda,Annice.Dreda@yopmail.com,46
772,Dawn,Rosalba,Dawn.Rosalba@yopmail.com,9
773,Adele,Melony,Adele.Melony@yopmail.com,55
774,Nikki,Boehike,Nikki.Boehike@yopmail.com,66
775,Devina,Aldric,Devina.Aldric@yopmail.com,21
776,Vivia,Chinua,Vivia.Chinua@yopmail.com,57
777,Basia,Linskey,Basia.Linskey@yopmail.com,57
778,Wynne,Keily,Wynne.Keily@yopmail.com,38
779,Janeczka,Drisko,Janeczka.Drisko@yopmail.com,8
780,Brana,Ailyn,Brana.Ailyn@yopmail.com,2
781,Maridel,Brittani,Maridel.Brittani@yopmail.com,16
782,Nadine,Cornelia,Nadine.Cornelia@yopmail.com,46
783,Amii,Nikaniki,Amii.Nikaniki@yopmail.com,68
784,Phedra,Thilda,Phedra.Thilda@yopmail.com,18
785,Libbie,Raychel,Libbie.Raychel@yopmail.com,17
786,Morganica,Gualtiero,Morganica.Gualtiero@yopmail.com,63
787,Gusty,Kussell,Gusty.Kussell@yopmail.com,56
788,Teriann,Eachern,Teriann.Eachern@yopmail.com,63
789,Beatriz,Constancy,Beatriz.Constancy@yopmail.com,46
790,Deedee,Parette,Deedee.Parette@yopmail.com,37
791,Codie,Cleo,Codie.Cleo@yopmail.com,14
792,Brandise,Wenda,Brandise.Wenda@yopmail.com,67
793,Anthia,Ashely,Anthia.Ashely@yopmail.com,31
794,Dari,Nance,Dari.Nance@yopmail.com,5
795,Sonni,Raama,Sonni.Raama@yopmail.com,30
796,Sallie,Cornelia,Sallie.Cornelia@yopmail.com,4
797,Romona,Cornelia,Romona.Cornelia@yopmail.com,51
798,Tiffie,Korey,Tiffie.Korey@yopmail.com,19
799,Tina,Cookie,Tina.Cookie@yopmail.com,51
800,Ulrike,Riva,Ulrike.Riva@yopmail.com,49
801,Gwenneth,Rugen,Gwenneth.Rugen@yopmail.com,38
802,Merry,Graig,Merry.Graig@yopmail.com,45
803,Stacey,Joli,Stacey.Joli@yopmail.com,59
804,Delilah,Whittaker,Delilah.Whittaker@yopmail.com,60
805,Marleah,Jobi,Marleah.Jobi@yopmail.com,9
806,Orelia,Hazlett,Orelia.Hazlett@yopmail.com,4
807,Gavrielle,Faria,Gavrielle.Faria@yopmail.com,56
808,Renie,Lea,Renie.Lea@yopmail.com,12
809,Beverley,Kolnick,Beverley.Kolnick@yopmail.com,24
810,Rori,Tiffa,Rori.Tiffa@yopmail.com,28
811,Ardeen,Nickola,Ardeen.Nickola@yopmail.com,2
812,Cacilie,Celestine,Cacilie.Celestine@yopmail.com,70
813,Sophia,Kirstin,Sophia.Kirstin@yopmail.com,74
814,Marguerite,Odell,Marguerite.Odell@yopmail.com,42
815,Audrie,Izaak,Audrie.Izaak@yopmail.com,44
816,Evita,Toor,Evita.Toor@yopmail.com,45
817,Ermengarde,Yusuk,Ermengarde.Yusuk@yopmail.com,73
818,Amelia,Dulciana,Amelia.Dulciana@yopmail.com,37
819,Brooks,Aloise,Brooks.Aloise@yopmail.com,33
820,Ashlee,Lea,Ashlee.Lea@yopmail.com,14
821,Sibella,Shelba,Sibella.Shelba@yopmail.com,24
822,Benita,Romelda,Benita.Romelda@yopmail.com,26
823,Millie,Liebermann,Millie.Liebermann@yopmail.com,49
824,Julieta,Schonfeld,Julieta.Schonfeld@yopmail.com,59
825,Brietta,Yam,Brietta.Yam@yopmail.com,1
826,Ottilie,Florina,Ottilie.Florina@yopmail.com,34
827,Maurene,Fitzsimmons,Maurene.Fitzsimmons@yopmail.com,36
828,Berget,Bach,Berget.Bach@yopmail.com,25
829,Rhea,Joni,Rhea.Joni@yopmail.com,73
830,Gisela,Reneta,Gisela.Reneta@yopmail.com,53
831,Cassandra,Elsinore,Cassandra.Elsinore@yopmail.com,37
832,Daryl,Frendel,Daryl.Frendel@yopmail.com,12
833,Gisela,Hewitt,Gisela.Hewitt@yopmail.com,25
834,Althea,Munn,Althea.Munn@yopmail.com,47
835,Kassey,Carbo,Kassey.Carbo@yopmail.com,25
836,Blake,Fairweather,Blake.Fairweather@yopmail.com,38
837,Veda,Nore,Veda.Nore@yopmail.com,4
838,Tamqrah,Bennie,Tamqrah.Bennie@yopmail.com,75
839,Mildrid,Bevin,Mildrid.Bevin@yopmail.com,29
840,Antonietta,Lareena,Antonietta.Lareena@yopmail.com,40
841,Isa,Flyn,Isa.Flyn@yopmail.com,27
842,Daryl,Emmy,Daryl.Emmy@yopmail.com,48
843,Marita,Dunkin,Marita.Dunkin@yopmail.com,52
844,Theodora,Charity,Theodora.Charity@yopmail.com,21
845,Kara-Lynn,Albertine,Kara-Lynn.Albertine@yopmail.com,27
846,Lenna,Etom,Lenna.Etom@yopmail.com,10
847,Amelia,Lewes,Amelia.Lewes@yopmail.com,23
848,Daphne,Pierette,Daphne.Pierette@yopmail.com,64
849,Sheree,Pacorro,Sheree.Pacorro@yopmail.com,1
850,Diena,Lenny,Diena.Lenny@yopmail.com,65
851,Merci,Dominy,Merci.Dominy@yopmail.com,68
852,Nollie,Marden,Nollie.Marden@yopmail.com,44
853,Althea,Germann,Althea.Germann@yopmail.com,32
854,Jany,Madelene,Jany.Madelene@yopmail.com,21
855,Caritta,Bibi,Caritta.Bibi@yopmail.com,68
856,Minda,Berriman,Minda.Berriman@yopmail.com,8
857,Demetris,Meli,Demetris.Meli@yopmail.com,62
858,Henriette,Juan,Henriette.Juan@yopmail.com,20
859,Yolane,Iiette,Yolane.Iiette@yopmail.com,31
860,Selma,Ashok,Selma.Ashok@yopmail.com,23
861,Clementine,Belanger,Clementine.Belanger@yopmail.com,46
862,Agnese,Letsou,Agnese.Letsou@yopmail.com,32
863,Lyssa,Voletta,Lyssa.Voletta@yopmail.com,54
864,Lanae,Dulciana,Lanae.Dulciana@yopmail.com,42
865,Raina,Anton,Raina.Anton@yopmail.com,68
866,Elka,Rossner,Elka.Rossner@yopmail.com,26
867,Krystle,Faso,Krystle.Faso@yopmail.com,21
868,Florencia,Couture,Florencia.Couture@yopmail.com,74
869,Adriana,Danby,Adriana.Danby@yopmail.com,17
870,Lita,Anderea,Lita.Anderea@yopmail.com,51
871,Mara,Goldina,Mara.Goldina@yopmail.com,68
872,Kelly,Waldron,Kelly.Waldron@yopmail.com,36
873,Hope,Ciapas,Hope.Ciapas@yopmail.com,60
874,Marguerite,Clie,Marguerite.Clie@yopmail.com,62
875,Chickie,Sperling,Chickie.Sperling@yopmail.com,53
876,Valli,Tannie,Valli.Tannie@yopmail.com,6
877,Jeanna,Roscoe,Jeanna.Roscoe@yopmail.com,1
878,Corly,Franza,Corly.Franza@yopmail.com,42
879,Jemie,Cath,Jemie.Cath@yopmail.com,29
880,Frances,Joachim,Frances.Joachim@yopmail.com,63
881,Merrie,Zuzana,Merrie.Zuzana@yopmail.com,3
882,Lanna,Marden,Lanna.Marden@yopmail.com,17
883,Dorothy,Quinn,Dorothy.Quinn@yopmail.com,4
884,Larine,Frendel,Larine.Frendel@yopmail.com,55
885,Gwenneth,Burch,Gwenneth.Burch@yopmail.com,16
886,Cyb,Earlie,Cyb.Earlie@yopmail.com,48
887,Laure,Chaing,Laure.Chaing@yopmail.com,28
888,Genevra,Brotherson,Genevra.Brotherson@yopmail.com,70
889,Amalie,Wattenberg,Amalie.Wattenberg@yopmail.com,38
890,Genevra,Gower,Genevra.Gower@yopmail.com,3
891,Gwenneth,Hailee,Gwenneth.Hailee@yopmail.com,58
892,Misha,Cloris,Misha.Cloris@yopmail.com,31
893,Annecorinne,Jeanne,Annecorinne.Jeanne@yopmail.com,4
894,Nelle,Lipson,Nelle.Lipson@yopmail.com,6
895,Pamella,Margarete,Pamella.Margarete@yopmail.com,11
896,Edith,Kimmie,Edith.Kimmie@yopmail.com,37
897,Veda,Marden,Veda.Marden@yopmail.com,44
898,Tami,Toor,Tami.Toor@yopmail.com,5
899,Andree,Guildroy,Andree.Guildroy@yopmail.com,17
900,Katuscha,Laurianne,Katuscha.Laurianne@yopmail.com,48
901,Dyann,Phi,Dyann.Phi@yopmail.com,74
902,Lanna,Chandler,Lanna.Chandler@yopmail.com,20
903,Tani,Tryck,Tani.Tryck@yopmail.com,27
904,Henriette,McNully,Henriette.McNully@yopmail.com,25
905,Leona,Eckblad,Leona.Eckblad@yopmail.com,54
906,Christal,Boehike,Christal.Boehike@yopmail.com,47
907,Kayla,Brittani,Kayla.Brittani@yopmail.com,51
908,Betta,Lissi,Betta.Lissi@yopmail.com,56
909,Steffane,Saint,Steffane.Saint@yopmail.com,26
910,Lauryn,Pozzy,Lauryn.Pozzy@yopmail.com,4
911,Lily,Sidonius,Lily.Sidonius@yopmail.com,51
912,Zia,Ferrell,Zia.Ferrell@yopmail.com,64
913,Vonny,Joseph,Vonny.Joseph@yopmail.com,75
914,Tani,Gaynor,Tani.Gaynor@yopmail.com,52
915,Merci,Hessler,Merci.Hessler@yopmail.com,61
916,Neila,Larochelle,Neila.Larochelle@yopmail.com,35
917,Maye,Land,Maye.Land@yopmail.com,44
918,Livvyy,Velick,Livvyy.Velick@yopmail.com,41
919,Rebeca,Whiffen,Rebeca.Whiffen@yopmail.com,59
920,Cecile,Wandie,Cecile.Wandie@yopmail.com,59
921,Myriam,Federica,Myriam.Federica@yopmail.com,44
922,Kenna,Shaver,Kenna.Shaver@yopmail.com,25
923,Lorenza,Trinetta,Lorenza.Trinetta@yopmail.com,8
924,Jennica,Soneson,Jennica.Soneson@yopmail.com,1
925,Alyssa,Bartlett,Alyssa.Bartlett@yopmail.com,39
926,Ottilie,Carbo,Ottilie.Carbo@yopmail.com,20
927,Jennica,Oriana,Jennica.Oriana@yopmail.com,20
928,Perry,Alwin,Perry.Alwin@yopmail.com,31
929,Yetty,Vorster,Yetty.Vorster@yopmail.com,22
930,Addia,Milson,Addia.Milson@yopmail.com,29
931,Emilia,Millda,Emilia.Millda@yopmail.com,52
932,Sybille,Colyer,Sybille.Colyer@yopmail.com,49
933,Adriana,Herrera,Adriana.Herrera@yopmail.com,34
934,Giustina,Brandice,Giustina.Brandice@yopmail.com,52
935,Mellicent,Cleavland,Mellicent.Cleavland@yopmail.com,40
936,Cristabel,Bivins,Cristabel.Bivins@yopmail.com,7
937,Barbara,Even,Barbara.Even@yopmail.com,4
938,Ninnetta,Boehike,Ninnetta.Boehike@yopmail.com,22
939,Lanae,Fancie,Lanae.Fancie@yopmail.com,3
940,Dacia,Sinegold,Dacia.Sinegold@yopmail.com,54
941,Rhoda,Llovera,Rhoda.Llovera@yopmail.com,45
942,Adelle,Ciapas,Adelle.Ciapas@yopmail.com,58
943,Kerrin,Isacco,Kerrin.Isacco@yopmail.com,6
944,Atlanta,Emmaline,Atlanta.Emmaline@yopmail.com,70
945,Shaine,Aldric,Shaine.Aldric@yopmail.com,29
946,Nikki,Gavrila,Nikki.Gavrila@yopmail.com,25
947,Cassandra,Celestine,Cassandra.Celestine@yopmail.com,62
948,Aaren,Erskine,Aaren.Erskine@yopmail.com,7
949,Blinni,Means,Blinni.Means@yopmail.com,45
950,Nerta,Abbot,Nerta.Abbot@yopmail.com,13
951,Ofilia,Stefa,Ofilia.Stefa@yopmail.com,5
952,Aaren,Nance,Aaren.Nance@yopmail.com,7
953,Zaria,Turne,Zaria.Turne@yopmail.com,2
954,Esmeralda,Hutchison,Esmeralda.Hutchison@yopmail.com,34
955,Zia,Jacobah,Zia.Jacobah@yopmail.com,26
956,Gilda,Wenda,Gilda.Wenda@yopmail.com,37
957,Roseline,Leonard,Roseline.Leonard@yopmail.com,72
958,Grier,Kaete,Grier.Kaete@yopmail.com,45
959,Pamella,Eldrid,Pamella.Eldrid@yopmail.com,35
960,Lorne,Dunkin,Lorne.Dunkin@yopmail.com,11
961,Lonnie,Ventre,Lonnie.Ventre@yopmail.com,26
962,Ardys,Duwalt,Ardys.Duwalt@yopmail.com,37
963,Juliane,Kermit,Juliane.Kermit@yopmail.com,30
964,Orelia,McGrody,Orelia.McGrody@yopmail.com,8
965,Ardys,Nester,Ardys.Nester@yopmail.com,63
966,Edyth,Lacombe,Edyth.Lacombe@yopmail.com,22
967,Lorne,Stephie,Lorne.Stephie@yopmail.com,36
968,Danny,Keelia,Danny.Keelia@yopmail.com,72
969,Chrystel,Larochelle,Chrystel.Larochelle@yopmail.com,24
970,Gale,Pattin,Gale.Pattin@yopmail.com,5
971,Johna,Allare,Johna.Allare@yopmail.com,68
972,Miquela,Jalbert,Miquela.Jalbert@yopmail.com,71
973,Nita,Brady,Nita.Brady@yopmail.com,6
974,Alyda,Bigner,Alyda.Bigner@yopmail.com,46
975,Perry,Goerke,Perry.Goerke@yopmail.com,54
976,Lila,Granoff,Lila.Granoff@yopmail.com,52
977,Beth,Wenda,Beth.Wenda@yopmail.com,58
978,Jessamyn,Deny,Jessamyn.Deny@yopmail.com,37
979,Sam,Minetta,Sam.Minetta@yopmail.com,8
980,Elfreda,Ramona,Elfreda.Ramona@yopmail.com,30
981,Marcy,Si,Marcy.Si@yopmail.com,54
982,Elfreda,Sancho,Elfreda.Sancho@yopmail.com,56
983,Marsiella,Doig,Marsiella.Doig@yopmail.com,24
984,Aurelie,Faust,Aurelie.Faust@yopmail.com,39
985,Hollie,Ummersen,Hollie.Ummersen@yopmail.com,43
986,Linzy,Andrel,Linzy.Andrel@yopmail.com,26
987,Nelle,Fax,Nelle.Fax@yopmail.com,4
988,Nicoli,Demitria,Nicoli.Demitria@yopmail.com,31
989,Yolane,Elisha,Yolane.Elisha@yopmail.com,6
990,Jobi,Sallyann,Jobi.Sallyann@yopmail.com,46
991,Mary,Halla,Mary.Halla@yopmail.com,13
992,Meriel,Melleta,Meriel.Melleta@yopmail.com,3
993,Helena,Vastah,Helena.Vastah@yopmail.com,49
994,Adriana,Henrie,Adriana.Henrie@yopmail.com,64
995,Darci,Wyn,Darci.Wyn@yopmail.com,75
996,Feliza,Ricki,Feliza.Ricki@yopmail.com,30
997,Raf,Colleen,Raf.Colleen@yopmail.com,49
998,Gavrielle,Gino,Gavrielle.Gino@yopmail.com,7
999,Millie,Allina,Millie.Allina@yopmail.com,13
1000,Josephine,Helfand,Josephine.Helfand@yopmail.com,17
1001,Florencia,Jalbert,Florencia.Jalbert@yopmail.com,28
1002,Suzette,Primalia,Suzette.Primalia@yopmail.com,20
1003,Clary,Shama,Clary.Shama@yopmail.com,7
1004,Aaren,Bethany,Aaren.Bethany@yopmail.com,11
1005,Rori,Kazimir,Rori.Kazimir@yopmail.com,27
1006,Carlie,Wenda,Carlie.Wenda@yopmail.com,35
1007,Carree,Middleton,Carree.Middleton@yopmail.com,37
1008,Lindie,Atcliffe,Lindie.Atcliffe@yopmail.com,53
1009,Farrah,Travax,Farrah.Travax@yopmail.com,40
1010,Rozele,Talia,Rozele.Talia@yopmail.com,13
1011,Sharai,Susannah,Sharai.Susannah@yopmail.com,23
1012,Lanna,Shaddock,Lanna.Shaddock@yopmail.com,52
1013,Lizzie,Cecile,Lizzie.Cecile@yopmail.com,23
1014,Gusty,Knowling,Gusty.Knowling@yopmail.com,57
1015,Camile,Darbie,Camile.Darbie@yopmail.com,17
1016,Tomasina,Philoo,Tomasina.Philoo@yopmail.com,24
1017,Rosanne,Celestine,Rosanne.Celestine@yopmail.com,64
1018,Amara,Arne,Amara.Arne@yopmail.com,8
1019,Anestassia,Berriman,Anestassia.Berriman@yopmail.com,39
1020,Alleen,Adlare,Alleen.Adlare@yopmail.com,29
1021,Donetta,Niles,Donetta.Niles@yopmail.com,69
1022,Eolanda,Pierette,Eolanda.Pierette@yopmail.com,21
1023,Ethel,Milson,Ethel.Milson@yopmail.com,75
1024,Britte,Honoria,Britte.Honoria@yopmail.com,44
1025,Ericka,Kare,Ericka.Kare@yopmail.com,59
1026,Carly,McCutcheon,Carly.McCutcheon@yopmail.com,73
1027,Belinda,Wiener,Belinda.Wiener@yopmail.com,29
1028,Tybie,Noelyn,Tybie.Noelyn@yopmail.com,46
1029,Inga,Chick,Inga.Chick@yopmail.com,4
1030,Dominga,Jerald,Dominga.Jerald@yopmail.com,10
1031,Justinn,Etom,Justinn.Etom@yopmail.com,60
1032,Lauryn,Anestassia,Lauryn.Anestassia@yopmail.com,6
1033,Hollie,Bonucci,Hollie.Bonucci@yopmail.com,37
1034,Clarice,Zrike,Clarice.Zrike@yopmail.com,65
1035,Shel,Ephrem,Shel.Ephrem@yopmail.com,46
1036,Ketti,Saree,Ketti.Saree@yopmail.com,54
1037,Ardenia,Leonard,Ardenia.Leonard@yopmail.com,37
1038,Bernardine,Morrill,Bernardine.Morrill@yopmail.com,32
1039,Jsandye,Jehu,Jsandye.Jehu@yopmail.com,71
1040,Doro,Kauppi,Doro.Kauppi@yopmail.com,41
1041,Hettie,Colyer,Hettie.Colyer@yopmail.com,57
1042,Carlie,Primalia,Carlie.Primalia@yopmail.com,58
1043,Claudina,Papageno,Claudina.Papageno@yopmail.com,20
1044,Georgetta,Raimondo,Georgetta.Raimondo@yopmail.com,10
1045,Fawne,Maribeth,Fawne.Maribeth@yopmail.com,29
1046,Beth,Sholley,Beth.Sholley@yopmail.com,60
1047,Kary,Stilwell,Kary.Stilwell@yopmail.com,65
1048,Cindelyn,Cyrie,Cindelyn.Cyrie@yopmail.com,38
1049,Zondra,Zrike,Zondra.Zrike@yopmail.com,46
1050,Christian,Garbe,Christian.Garbe@yopmail.com,72
1051,Ekaterina,Suk,Ekaterina.Suk@yopmail.com,4
1052,Hayley,Bronk,Hayley.Bronk@yopmail.com,29
1053,Dulcinea,Imelida,Dulcinea.Imelida@yopmail.com,53
1054,Debee,Loeb,Debee.Loeb@yopmail.com,69
1055,Valli,Arathorn,Valli.Arathorn@yopmail.com,71
1056,Kirbee,Rooney,Kirbee.Rooney@yopmail.com,41
1057,Mallory,Gilbertson,Mallory.Gilbertson@yopmail.com,48
1058,Gianina,Romelda,Gianina.Romelda@yopmail.com,32
1059,Kenna,Land,Kenna.Land@yopmail.com,62
1060,Brooks,Michella,Brooks.Michella@yopmail.com,18
1061,Augustine,Martsen,Augustine.Martsen@yopmail.com,19
1062,Harmonia,Voletta,Harmonia.Voletta@yopmail.com,57
1063,Agnese,Velick,Agnese.Velick@yopmail.com,21
1064,Fanchon,Flyn,Fanchon.Flyn@yopmail.com,27
1065,Gabi,Rosemary,Gabi.Rosemary@yopmail.com,17
1066,Margalo,Bettine,Margalo.Bettine@yopmail.com,31
1067,Rhoda,Kimmie,Rhoda.Kimmie@yopmail.com,63
1068,Roseline,Yorick,Roseline.Yorick@yopmail.com,75
1069,Carmencita,Kevon,Carmencita.Kevon@yopmail.com,6
1070,Vanessa,Millda,Vanessa.Millda@yopmail.com,4
1071,Maye,Demitria,Maye.Demitria@yopmail.com,8
1072,Ginnie,Malina,Ginnie.Malina@yopmail.com,31
1073,Florie,Desai,Florie.Desai@yopmail.com,40
1074,Nonnah,Tjon,Nonnah.Tjon@yopmail.com,35
1075,Nonnah,McNully,Nonnah.McNully@yopmail.com,20
1076,Aigneis,Harl,Aigneis.Harl@yopmail.com,26
1077,Corly,Bollay,Corly.Bollay@yopmail.com,63
1078,Sissy,Tremayne,Sissy.Tremayne@yopmail.com,39
1079,Kate,Adrienne,Kate.Adrienne@yopmail.com,53
1080,Edyth,Morrill,Edyth.Morrill@yopmail.com,70
1081,Evita,Han,Evita.Han@yopmail.com,48
1082,Jere,Faria,Jere.Faria@yopmail.com,43
1083,Libbie,Alfons,Libbie.Alfons@yopmail.com,70
1084,Darci,Pernick,Darci.Pernick@yopmail.com,60
1085,Devina,Jillane,Devina.Jillane@yopmail.com,27
1086,Ann-Marie,Wooster,Ann-Marie.Wooster@yopmail.com,58
1087,Elie,Rona,Elie.Rona@yopmail.com,48
1088,Raina,Gale,Raina.Gale@yopmail.com,36
1089,Frances,Gualtiero,Frances.Gualtiero@yopmail.com,72
1090,Debee,Marden,Debee.Marden@yopmail.com,12
1091,Clary,Bennie,Clary.Bennie@yopmail.com,50
1092,Riannon,Cohdwell,Riannon.Cohdwell@yopmail.com,72
1093,Maye,Elvyn,Maye.Elvyn@yopmail.com,68
1094,Linet,Lilybelle,Linet.Lilybelle@yopmail.com,60
1095,Belinda,Salchunas,Belinda.Salchunas@yopmail.com,56
1096,Yvonne,Georas,Yvonne.Georas@yopmail.com,50
1097,Lilith,Darian,Lilith.Darian@yopmail.com,64
1098,Emylee,Santoro,Emylee.Santoro@yopmail.com,65
1099,Olwen,Demitria,Olwen.Demitria@yopmail.com,75